文件序号,序号,日期,商家,商品名,总价,价格
1
 ,1,2016-12-27,USA商城, ,38.00, 
 , , , ,美国代购百年Rosebud Salve玫瑰花蕾膏保湿护唇润唇膏22g淡化唇纹, ,38.00
 ,2,2016-12-25,纸寿千年体验店, ,23.17, 
 , , , ,【亚麻纸】韩国包书皮纸 艺术特种纸 圣诞节日礼品包装纸礼物墙纸, ,6.69
 , , , ,【丝带/麻绳】绳子圣诞节 粗细麻绳 礼物DIY包装彩色丝带 蝴蝶结, ,3.29
 , , , ,保险服务, ,0.00
 ,3,2016-12-25,三年二班不一样的文具, ,51.63, 
 , , , ,三年二班Z小清新裸装本 手帐本A5笔记本 文具日记本记事本子, ,8.86
 , , , ,三年二班?韩国文具可爱细碳素笔 韩版彩色中性笔 按动式创意水笔, ,1.75
 , , , ,三年二班?韩国文具可爱细碳素笔 韩版彩色中性笔 按动式创意水笔, ,1.75
 , , , ,三年二班?韩国文具可爱细碳素笔 韩版彩色中性笔 按动式创意水笔, ,1.76
 , , , ,创意diy负离子水培盆栽 办公室桌面水培陶碳球防辐射迷你小盆栽, ,5.36
 , , , ,三年二班韩国文具Z可爱卡通彩色磁性书签 创意金属礼品迷你书页夹, ,1.60
 , , , ,三年二班韩国文具Z可爱卡通彩色磁性书签 创意金属礼品迷你书页夹, ,1.59
 , , , ,三年二班韩国文具Z可爱卡通彩色磁性书签 创意金属礼品迷你书页夹, ,1.39
 , , , ,三年二班韩国文具Z可爱卡通彩色磁性书签 创意金属礼品迷你书页夹, ,1.40
 , , , ,创意键盘按键水杯三件套 键盘杯 黑白质感创意杯马克杯下午茶杯子, ,11.94
 ,4,2016-12-24,小金子的银子铺, ,39.00, 
 , , , ,【免费刻字】唯爱 S925纯银磨砂莫比乌斯环戒指 简约情侣对戒指环, ,39.00
 ,5,2016-12-21,trus旗舰店, ,65.00, 
 , , , ,trus精灵球充电宝可爱 宠物神奇宝贝球口袋妖怪小 二代创意暖手宝, ,65.00
 , , , ,保险服务, ,0.00
 ,6,2016-12-20,三年二班不一样的文具, ,78.53, 
 , , , ,三年二班●DIY复古手工创意贺卡 牛皮纸信封干花卡片教师节祝福卡, ,2.74
 , , , ,圣诞礼品包装袋 礼物收纳袋 手提绳纸袋 纸袋子 圣诞礼物袋礼品袋, ,3.20
 , , , ,卡通动物家居防滑厚底保暖半包跟棉拖鞋男女保暖棉拖鞋情侣棉鞋Q, ,16.58
 , , , ,冬季加厚高密度仿羊毛鞋垫 35-43码毛绒舒适柔软保暖鞋垫Q, ,2.33
 , , , ,三年二班●2017年创意桌面相框小台历 韩国diy可爱卡通小日历年历, ,4.38
 , , , ,三年二班 可爱猫咪DIY滚轮旋钮日期印章 复古手柄手帐装饰日期戳, ,13.70
 , , , ,三年二班●韩国文具 DIY英文祝福语木质复古圆形印章 手帐用品, ,2.56
 , , , ,三年二班●得力文具 糖果色迷你卷尺 可爱迷你皮尺量三围软尺子, ,3.64
 , , , ,三年二班●DIY复古手工创意贺卡 牛皮纸信封干花卡片教师节祝福卡, ,2.75
 ,7,2016-12-20,USA商城, ,37.62, 
 , , , ,美国代购百年Rosebud Salve玫瑰花蕾膏保湿护唇润唇膏22g淡化唇纹, ,37.62
 ,8,2016-12-19,昕雨轩书店1993, ,15.00, 
 , , , ,包邮 视觉思维 审美直觉心理学》 美）鲁道夫&middot;阿恩海姆, ,15.00
 ,9,2016-12-17,tanimism岸旗舰店, ,228.00, 
 , , , ,棉衣女中长款2016冬装新款韩版狐狸毛大毛领加厚羽绒棉服保暖棉袄, ,228.00
 , , , ,保险服务, ,0.00
 ,10,2016-12-17,糗友 小店, ,23.70, 
 , , , ,一件包邮青皮寿司帘24cm27cm30cm寿司席卷帘紫菜包饭工具模具竹帘, ,12.70
 , , , ,4支包邮创意卡通水果叉水果签陶瓷不锈钢点心叉子甜品叉勺咖啡勺, ,3.50
 , , , ,4支包邮创意卡通水果叉水果签陶瓷不锈钢点心叉子甜品叉勺咖啡勺, ,3.50
 , , , ,4支包邮创意卡通水果叉水果签陶瓷不锈钢点心叉子甜品叉勺咖啡勺, ,4.00
 ,11,2016-12-17,一口诺食品专营店, ,37.70, 
 , , , ,黄胜记无油猪肉松165g 寿司肉松烘焙材料紫菜包饭食材儿童肉松, ,15.00
 , , , ,10袋包邮 金地杰韩式辣白菜108g 韩国泡菜手工下饭菜寿司材料食材, ,2.60
 , , , ,姑香香辣牛肉酱100克 做寿司材料紫菜包饭食材 拌面炸酱面拌饭酱, ,3.20
 , , , ,丘比沙拉酱香甜味30g 水果沙拉蔬菜色拉酱 寿司材料紫菜包饭烘焙, ,1.00
 , , , ,信榆寿司海苔30张 做寿司材料食材紫菜包饭专用烤紫菜日式料理, ,14.90
 ,12,2016-12-11,益诚益美家居专营店, ,60.80, 
 , , , ,正品3M8576 P95活性炭防毒口罩 防雾霾pm2.5/实验室化工/酸性气体, ,30.00
 , , , ,保险服务, ,0.80
 ,13,2016-12-09,星屿地球仪旗舰店, ,39.00, 
 , , , ,鲁班锁系列玩具古典益智玩具伤脑筋十三块拼图包拼板十二巧板邮, ,39.00
 , , , ,保险服务, ,0.00
 ,14,2016-12-08,米娅MIA 精品潮壳, ,35.00, 
 , , , ,韩国带支架指环扣插画iphone6苹果6s手机壳6plus硅胶软壳挂脖挂绳, ,21.87
 , , , ,保护膜钢化膜苹果6plus玻璃9H防爆防指纹iPhone6p苹果6S iPhone7, ,13.13
 , , , ,保险服务, ,0.00
 ,15,2016-12-05,cetaphil丝塔芙创世专卖店, ,24.90, 
 , , , ,Cetaphil/丝塔芙洁面乳200ml温和保湿近零刺激敏感肌肤适用洗面奶, ,24.90
 , , , ,保险服务, ,0.00
2
 ,16,2016-12-03,奥美卓越, ,19.90, 
 , , , ,超大木质木制桌面整理收纳盒抽屉 带镜子化妆品梳妆盒收纳箱包邮, ,19.90
 ,17,2016-12-02,誉赫旗舰店, ,9.90, 
 , , , ,誉赫女士男士情侣触屏水洗皮手秋冬保暖开车骑车韩版时尚手套, ,9.90
 ,18,2016-12-01,哈尔斯官方旗舰店, ,39.00, 
 , , , ,哈尔斯保温杯 女士不锈钢水杯男士商务水杯定制学生杯子户外茶杯, ,39.00
 , , , ,保险服务, ,0.00
 ,19,2016-12-01,唯宝母婴旗舰店, ,12.90, 
 , , , ,Vitamama 孕妇面膜净白补水保湿天然孕妇护肤专用蚕丝面膜, ,12.90
 ,20,2016-12-01,雨泽陶瓷旗舰店, ,3.90, 
 , , , ,餐具套装景德镇餐具骨瓷碗碟套装韩式碗盘家用陶瓷碗创意乔迁礼品, ,3.90
 ,21,2016-12-01,润虎茶叶旗舰店, ,6.00, 
 , , , ,润虎 大红袍茶叶礼盒装武夷山乌龙茶武夷岩茶罐装, ,6.00
 , , , ,保险服务, ,0.00
 ,22,2016-11-30,茉莉清香正品国货, ,36.00, 
 , , , ,北京医院正品 新包装按压嘴100g标婷维生素E/e乳ve乳身体乳包邮, ,36.00
 ,23,2016-11-29,星洲百姓人家大药房旗舰店, ,19.00, 
 , , , ,20克买2减5！尤卓尔 丁酸氢化可的松乳膏软膏 20g 过敏性皮炎*, ,19.00
 ,24,2016-11-29,天猫超市, ,83.21, 
 , , , ,【天猫超市】青苹果钢化耐热玻璃保鲜盒便当饭盒 大号密封碗820ml, ,9.34
 , , , ,【天猫超市】娥佩兰薏仁水500ml爽肤水日本补水保湿控油皙白喷雾, ,51.88
 , , , ,【天猫超市】清风 漫威系列卡通4层8张*10包纸手帕纸巾小包, ,0.01
 , , , ,【天猫超市】美若康 隐形净痘贴日用型 3 贴体验包 祛痘无痕, ,4.72
 , , , ,【天猫超市】皇麦世家草莓水果牛奶燕麦片350g 即食免煮谷物冲饮, ,7.92
 ,25,2016-11-28,爱丽丝医疗护肤中心, ,75.00, 
 , , , ,[蓝科肤宁正品] 愈肤生物膜水剂活性敷料 [最新日期]30 50ML蓝润, ,75.00
 ,26,2016-11-27,塔菲克旗舰店, ,7.80, 
 , , , ,TAFIQ iPhone6数据线6s苹果5加长5s手机6Plus充电线器7P认证ipad4, ,7.80
 ,27,2016-11-27,清风小弄, ,42.00, 
 , , , ,床上用品四件套1.5/1.8/2.0m被套学生宿舍床单人卡通4三件套1.2米, ,42.00
 , , , ,保险服务, ,0.00
 ,28,2016-11-27,EGGKA, ,99.90, 
 , , , ,前短后长毛衣女套头冬纯色复古下摆开叉打底衫针织百搭喇叭袖上衣, ,99.90
 ,29,2016-11-27,叶语齐兴堂专卖店, ,99.00, 
 , , , ,电子美容仪电动吸黑头仪器洁面仪家用脸部去黑头机毛孔清洁器神器, ,99.00
 , , , ,保险服务, ,0.00
 ,30,2016-11-27,韩束巧美妮专卖店, ,19.90, 
 , , , ,韩束红石榴套装六件套BB霜面部护理补水保湿化妆品女护肤品套装, ,19.90
 , , , ,保险服务, ,0.00
3
 ,31,2016-11-26,天猫超市, ,119.92, 
 , , , ,【天猫超市】好吃点甄好曲奇黄油味208g 办公室休闲食品零食饼干, ,16.00
 , , , ,【天猫超市】越南进口 中原G7 三合一咖啡800g（16g*50包）, ,34.90
 , , , ,【天猫超市】mg美即深海胶原滋养保湿面膜升级版25g 补水 护肤品, ,0.01
 , , , ,【天猫超市】绿伞去污超人洗衣液200g*2袋组合装 自然香型洁净, ,0.01
 , , , ,【天猫超市】  圣牧 全程有机低脂奶 低脂纯牛奶200ml*24盒实惠装, ,69.00
 ,32,2016-11-20,日本yukeido, ,258.00, 
 , , , ,日本yukeido眼部颈部护理套装 颈霜紧致去颈纹黑眼圈保湿颈纹霜女, ,258.00
 , , , ,保险服务, ,0.00
 ,33,2016-11-19,沃隆聚壹品专卖店, ,138.00, 
 , , , ,沃隆每日坚果成人款儿童款孕妇零食小包装混合坚果零食组合30袋, ,138.00
 , , , ,保险服务, ,0.00
 ,34,2016-11-19,微微的海代小铺, ,54.50, 
 , , , ,代购正品/美宝莲极细易画液体眼线笔/眼线液笔羽翼版 防水不晕染, ,54.50
 ,35,2016-11-14,扬子其安专卖店, ,32.90, 
 , , , ,扬子暖脚宝插电电暖鞋暖脚器加热暖脚垫电热垫保暖鞋办公室可拆洗, ,32.90
 ,36,2016-11-14,扬子其安专卖店, ,32.90, 
 , , , ,扬子暖脚宝插电电暖鞋暖脚器加热暖脚垫电热垫保暖鞋办公室可拆洗, ,32.90
 ,37,2016-11-11,onet凡兔旗舰店, ,69.00, 
 , , , ,【双11全球狂欢节】关晓彤同款凡兔女装秋新款韩版卫衣女学生宽松套头连帽修身外套潮, ,69.00
 , , , ,保险服务, ,0.00
 ,38,2016-11-11,瓷肌德馨雅专卖店, ,34.20, 
 , , , ,【双11全球狂欢节】瓷肌CC霜正品50g裸妆遮瑕强持久补水白皙提亮肤色气垫隔离粉底液, ,34.20
 , , , ,保险服务, ,0.00
 ,39,2016-11-11,新华在线图书专营店, ,35.60, 
 , , , ,【双11全球狂欢节】【双11低折限量】利用Python进行数据分析 计算机书籍 Python实用指南书籍 Pytho, ,35.60
 , , , ,保险服务, ,0.00
 ,40,2016-11-11,兴阅图书专营店, ,34.50, 
 , , , ,【双11全球狂欢节】正版 包邮价 机器学习实战 peter harrington著 python机器概念书籍 计算机, ,34.50
 , , , ,保险服务, ,0.00
 ,41,2016-11-11,新华文轩网络书店, ,35.20, 
 , , , ,【双11全球狂欢节】机器学习 人工智能大牛周志华著 权威的机器学习入门中文教科书 实战方法 教材 基础教程 清华大学, ,35.20
 , , , ,保险服务, ,0.00
 ,42,2016-11-11,奥维博世图书专营店, ,29.50, 
 , , , ,【双11全球狂欢节】3768517|正版包邮大规模分布式存储系统：原理解析与架构实战/计算机书籍, ,29.50
 , , , ,保险服务, ,0.00
 ,43,2016-11-11,新华在线图书专营店, ,119.20, 
 , , , ,【双11全球狂欢节】最简单的图形与最复杂的信息:如何有效建立你的视觉思维 经济  新华书店正版畅销图书籍, ,15.18
 , , , ,【双11全球狂欢节】线性代数 张文博  教材教辅 教育 数学  新华书店正版畅销图书籍  线性代数(原书第8版)/华, ,29.98
 , , , ,【双11全球狂欢节】领域驱动设计:软件核心复杂性应对之道 新华书店正版畅销图书籍  领域驱动设计 软件核心复杂性应对, ,31.83
 , , , ,【双11全球狂欢节】霍乱时期的爱情 马尔克斯加西亚 百年孤独作者 诺贝尔文学奖  外国文学拉美文学 至美爱情小说 穷, ,22.84
 , , , ,【双11全球狂欢节】奇特的一生(精装珍藏版) 励志  新华书店正版畅销图书籍, ,19.37
 , , , ,保险服务, ,0.00
 ,44,2016-11-11,aaskincare化妆品旗舰店, ,74.00, 
 , , , ,【双11全球狂欢节】英国AA网荷荷巴油100ml 按摩去黑头 基础油植物护发精油 霍霍巴油, ,74.00
 , , , ,保险服务, ,0.00
 ,45,2016-11-11,韩都衣舍旗舰店, ,398.00, 
 , , , ,【双11全球狂欢节】韩都衣舍2016韩版女装冬装新款直筒连帽纯色中长款羽绒服JQ6028樰, ,398.00
 , , , ,保险服务, ,0.00
4
 ,46,2016-11-10,Anshu 桉树, ,55.00, 
 , , , ,春秋黑色打底裤女外穿长裤显瘦薄款紧身仿牛仔小脚铅笔裤加长高腰, ,55.00
 , , , ,保险服务, ,0.00
 ,47,2016-11-08,蓝天图文二号店, ,21.80, 
 , , , ,面向模式的软件架构 第4卷 分布式计算的模式语言（高清）, ,21.80
 ,48,2016-11-08,日本yukeido, ,133.59, 
 , , , ,【天天特价】日本yukeido美颈霜紧致去颈纹 嫩白提拉颈膜颈部护理, ,133.59
 , , , ,保险服务, ,0.00
 ,49,2016-11-06,开心人大药房旗舰店, ,45.00, 
 , , , ,达芙文 达芙文 阿达帕林凝胶 30g*1支/盒, ,45.00
 ,50,2016-11-06,Anshu 桉树, ,55.00, 
 , , , ,春秋黑色打底裤女外穿长裤显瘦薄款紧身仿牛仔小脚铅笔裤加长高腰, ,55.00
 , , , ,保险服务, ,0.00
 ,51,2016-11-05,猪小姐家居百货生活馆, ,25.46, 
 , , , ,卷尺迷你量衣尺可爱圆形塑料皮尺1.5米裁缝尺软尺自动收缩小尺子, ,0.88
 , , , ,便利贴便签纸批发韩国可爱创意留言贴纸空白纸迷你留言卡片N次贴, ,0.80
 , , , ,文件袋拉链透明学生商务韩国文具拉边收纳袋环保磨砂防水档案袋子, ,1.37
 , , , ,尺子学生文具测量不锈钢工具尺创意多功能直尺金属镂空美术绘画尺, ,1.98
 , , , ,燕尾夹小夹子金色办公学生用反尾夹文件夹大中小号创意可爱长尾夹, ,0.99
 , , , ,袜子男袜秋冬季节男士中筒袜运动袜加厚防臭袜吸汗全棉黑白纯色袜, ,1.89
 , , , ,椅子脚套垫家具脚垫加厚防滑多功能坐垫餐桌垫保护垫桌脚垫子, ,1.90
 , , , ,收纳筐桌面杂物手提加厚迷你小号篮子宿舍布艺储物篮置物篮收纳篮, ,6.36
 , , , ,保暖贴发热贴驱寒大号膝关节暖宫贴暖身贴袋鼠卡通自发热贴暖宝宝, ,0.35
 , , , ,燕尾夹小夹子金色办公学生用反尾夹文件夹大中小号创意可爱长尾夹, ,0.36
 ,52,2016-11-04,吉吉时尚眼镜, ,23.10, 
 , , , ,高档眼镜盒包邮 韩国小清新学生近视眼镜盒 光学眼镜盒配件包邮, ,15.00
 , , , ,高档眼镜盒包邮 韩国小清新学生近视眼镜盒 光学眼镜盒配件包邮, ,15.00
 , , , ,保险服务, ,0.60
 ,53,2016-11-02,扬子其安专卖店, ,32.90, 
 , , , ,扬子暖脚宝插电电暖鞋暖脚器加热暖脚垫电热垫保暖鞋办公室可拆洗, ,32.90
 ,54,2016-10-29,天猫超市, ,80.30, 
 , , , ,【天猫超市】ABD口袋面包菠萝夹心蛋糕整箱750g 手撕早餐糕点心, ,22.94
 , , , ,【天猫超市】口口妙 手撕面包 香蕉牛奶味800g箱 早餐 蒸蛋糕, ,17.70
 , , , ,【天猫超市】法国进口 SUNSIDES上质脱脂纯牛奶1L, ,7.92
 , , , ,【天猫超市】德国进口Hochwald好沃德脱脂牛奶1L(德国进口 盒）, ,7.91
 , , , ,【天猫超市】光明莫斯利安200g*6常温酸奶钻石装简装更实惠, ,23.83
 ,55,2016-10-28,亿家美化妆品专营店, ,23.84, 
 , , , ,化妆师用硬芯钢印拉线眉笔1支 雷射防伪 拉线笔扁防水防汗易上色, ,11.92
 ,56,2016-10-27,天猫超市华北生鲜, ,91.70, 
 , , , ,【天猫超市】思念手打天下猪肉白菜水饺495g 速冻饺水饺, ,8.41
 , , , ,【天猫超市】满188减100优形电烤鸡胸肉片(女神款)150g  鸡肉, ,4.93
 , , , ,【天猫超市】满188减100优形电烤鸡胸肉片(男神款)150g  鸡肉, ,4.92
 , , , ,【天猫超市】满188减100澳洲谷饲肥牛卷250g 牛肉卷 进口牛肉, ,17.41
 , , , ,【天猫超市】延庆生态小油菜250g(北京) 16:00截单, ,3.90
 , , , ,【天猫超市】山东大白菜800g(北京) 16:00截单, ,2.90
 , , , ,【天猫超市】延庆生态黄瓜500g 16:00截单, ,8.80
 , , , ,【天猫超市】延庆生态西兰花350g 特价新鲜 16:00截单, ,7.80
 , , , ,【天猫超市】福建平和白心蜜柚1个约900g/个 柚子 新鲜水果, ,9.90
 , , , ,【天猫超市】湖北无核蜜桔1kg 100g以上/个 桔子 新鲜水果, ,8.90
 , , , ,【天猫超市】满188减100大红门冰鲜五花肉气调装333g16:00截单, ,13.83
 ,57,2016-10-17,江苏尚品家具, ,24.91, 
 , , , ,桌上书架置物架桌面儿童书柜简易简约现代学生收纳架办公桌面格架, ,24.91
 , , , ,保险服务, ,0.00
 ,58,2016-10-16,前女友文具, ,49.40, 
 , , , ,文具包邮 kinbor原创手帐本A5 文艺手帐日程本简约清新方格笔记A6, ,49.00
 , , , ,保险服务, ,0.40
 ,59,2016-10-14,可可的心情精品文具店, ,17.95, 
 , , , ,10盒包邮可替换式钢笔墨囊适爱好 传人 英雄 白雪普通通用墨囊, ,2.49
 , , , ,钢笔抽墨式换囊两用可换墨囊吸墨烂笔头正姿学生钢笔练字书法, ,10.47
 , , , ,保险服务, ,0.00
 ,60,2016-10-12,可可的心情精品文具店, ,26.80, 
 , , , ,钢笔抽墨式换囊两用可换墨囊吸墨烂笔头正姿学生钢笔练字书法, ,10.50
 , , , ,包邮100支墨囊 换囊钢笔墨囊 笔囊墨胆 爱好白雪英雄传人通用墨囊, ,13.80
 , , , ,10盒包邮可替换式钢笔墨囊适爱好 传人 英雄 白雪普通通用墨囊, ,2.50
 , , , ,保险服务, ,0.00
5
 ,61,2016-10-11,足康乐旗舰店, ,9.90, 
 , , , ,足康乐内增高鞋垫运动减震隐形气垫增高垫全垫半垫男女式士3cm5cm, ,9.90
 ,62,2016-10-01,吉吉兔居家日用旗舰店, ,13.80, 
 , , , ,新品服装袋礼品袋现货手提袋定制纸袋定做牛皮纸包装袋子印刷订做, ,0.90
 , , , ,新品服装袋礼品袋现货手提袋定制纸袋定做牛皮纸包装袋子印刷订做, ,0.75
 , , , ,新品服装袋礼品袋现货手提袋定制纸袋定做牛皮纸包装袋子印刷订做, ,0.75
 ,63,2016-09-30,巴莉甜甜旗舰店, ,137.00, 
 , , , ,巴莉甜甜传统糕点休闲美食点心手工蛋黄酥晶沙酥360g/盒台湾特产, ,45.67
 , , , ,保险服务, ,0.00
 ,64,2016-09-30,巴莉甜甜旗舰店, ,137.00, 
 , , , ,巴莉甜甜传统糕点休闲美食点心手工蛋黄酥晶沙酥360g/盒台湾特产, ,45.67
 , , , ,保险服务, ,0.00
 ,65,2016-09-30,巴莉甜甜旗舰店, ,78.60, 
 , , , ,巴莉甜甜传统手工糕点蛋黄晶沙酥特色美食小吃零食点心60g/个, ,26.20
 , , , ,保险服务, ,0.00
 ,66,2016-09-18,日本yukeido, ,132.00, 
 , , , ,日本yukeido美颈霜紧致去颈纹 嫩白保湿提拉脖子颈膜颈部护理代购, ,132.00
 , , , ,保险服务, ,0.00
 ,67,2016-09-17,永明鸿亮品牌手套, ,7.35, 
 , , , ,食品级一次性PVC手套/透明100只牙科医用/防静电餐饮防油美容手膜, ,7.35
 ,68,2016-09-04,长翼正航空, ,773.00, 
 , , , ,四川航空 3U8890 北京-成都, ,723.00
 , , , ,机场建设费, ,50.00
 ,69,2016-09-04,泰康在线旗舰店, ,30.00, 
 , , , ,【泰康在线】航空意外险（国内版）, ,30.00
 ,70,2016-09-03,木优旗舰店, ,188.00, 
 , , , ,【新品】木优换鞋凳圆凳实木矮凳创意穿鞋凳布艺沙发凳板凳小凳子, ,29.00
 , , , ,木优日式懒人沙发 单人可折叠小沙发椅 可爱卧室创意床上榻榻米, ,159.00
 ,71,2016-04-24,皇家旅行网, ,981.00, 
 , , , ,海南航空 HU7706 深圳-北京, ,931.00
 , , , ,机场建设费, ,50.00
 ,72,2016-04-24,阳光人寿旗舰店, ,30.00, 
 , , , ,阳光保险新版航意险, ,30.00
 ,73,2016-04-09,南方航空旗舰店, ,670.00, 
 , , , ,南方航空 CZ3190 北京-深圳, ,620.00
 , , , ,机场建设费, ,50.00
 ,74,2016-04-09,阳光人寿旗舰店, ,30.00, 
 , , , ,阳光保险新版航意险, ,30.00
 ,75,2016-02-14,贵阳三泰, ,1265.00, 
 , , , ,海南航空 HU7348 成都-北京, ,1215.00
 , , , ,机场建设费, ,50.00
6
 ,76,2016-09-26,知网教育专营店, ,3.00, 
 , , , ,中国知网万方维普论文文献期刊图书馆数据库账号可终身无限次下载, ,3.00
 ,77,2016-09-18,费欧蜜娜旗舰店, ,39.00, 
 , , , ,费欧蜜娜猪油膏 妆前乳遮毛孔隐形保湿裸妆打底霜 隔离霜控油底妆, ,39.00
 , , , ,保险服务, ,0.00
 ,78,2016-09-17,铂歌化妆品专营店, ,11.80, 
 , , , ,【国庆狂欢价】正品 玛姬儿无纺布压缩颈膜纸膜100片/包 护理颈部紧致纸膜包邮, ,11.80
 ,79,2016-09-16,木优旗舰店, ,159.00, 
 , , , ,木优日式懒人沙发 单人可折叠小沙发椅 可爱卧室创意床上榻榻米, ,159.00
 ,80,2016-09-15,雷哥的杂良铺, ,190.50, 
 , , , ,小米手环2二代智能运动手环心率计步睡眠检测微信手表显示屏防水, ,189.50
 , , , ,保险服务, ,1.00
 ,81,2016-09-15,巴莉甜甜旗舰店, ,49.00, 
 , , , ,巴莉甜甜传统糕点休闲美食点心手工蛋黄酥晶沙酥360g/盒台湾特产, ,49.00
 , , , ,保险服务, ,0.00
 ,82,2016-09-15,雷哥的杂良铺, ,186.50, 
 , , , ,小米手环2二代智能运动手环心率计步睡眠检测微信手表显示屏防水, ,186.50
 ,83,2016-09-11,爱尚家居麒舰店, ,15.80, 
 , , , ,居家宜家棉麻收纳筐厨房浴室置物篮桌面手提布艺折叠收纳盒收纳篮, ,15.80
 ,84,2016-09-10,菠萝衣柜潮流女装, ,49.00, 
 , , , ,2016春秋装坑条纹无扣V领针织开衫修身高腰短款小外套女空调衫女, ,49.00
 , , , ,保险服务, ,0.00
 ,85,2016-09-09,watermusic旗舰店, ,114.00, 
 , , , ,水上音乐 2016秋装新款潮牌时尚套装女 吊带打底衫两件套上衣潮, ,114.00
 , , , ,保险服务, ,0.00
 ,86,2016-09-04,王泰泰生活馆, ,19.90, 
 , , , ,泰国原装正品代购 金卧佛牌青草药膏 卧佛金卧佛青草膏 包邮现货, ,19.90
 , , , ,保险服务, ,0.00
 ,87,2016-09-02,知梦人家居旗舰店, ,23.53, 
 , , , ,知梦人记忆棉u枕颈椎保健枕飞机旅行u形枕脖子午睡u型枕头护颈枕, ,25.90
 ,88,2016-02-14,阳光人寿旗舰店, ,30.00, 
 , , , ,阳光保险新版航意险, ,30.00
 ,89,2016-02-03,天泰航空, ,867.00, 
 , , , ,四川航空 3U8894 北京-成都, ,817.00
 , , , ,机场建设费, ,50.00
 ,90,2016-02-03,阳光人寿旗舰店, ,30.00, 
 , , , ,阳光保险新版航意险, ,30.00
7
 ,91,2016-09-02,休闲包批发店, ,16.50, 
 , , , ,韩版卡通女包帆布包迷你小包包单肩斜挎包可爱手机零钱包手拿包潮, ,16.50
 , , , ,保险服务, ,0.00
 ,92,2016-08-27,爱兜兜品牌女包体验馆, ,215.85, 
 , , , ,双肩包女韩版潮头层牛皮书包2016时尚休闲真皮女背包学院风旅行包, ,107.93
 , , , ,双肩包2016新款女包潮旅游软皮羊皮真皮大背包休闲书包欧美旅行包, ,107.92
 , , , ,保险服务, ,0.00
 ,93,2016-08-21,自动发货直接下单, ,3.00, 
 , , , ,优酷观看一月 1个月30天帐号vip账号出租会员 一个月一年包售后, ,3.00
 ,94,2016-08-16,人本鞋类旗舰店, ,128.00, 
 , , , ,人本小白鞋松糕帆布鞋女平跟厚底内增高学生韩版夏季系带运动鞋子, ,64.00
 ,95,2016-08-14,中国移动官方旗舰店, ,199.80, 
 , , , ,北京 移动手机话费充值200元 快充直充 24小时自动充 快速到帐, ,199.80
 ,96,2016-08-13,小镇姗姗INTOWN, ,145.00, 
 , , , ,小镇姗姗 静墨 原创设计文艺范儿清新碎花蕾丝雪纺连衣裙#, ,135.00
 ,97,2016-07-28,中国移动官方旗舰店, ,29.94, 
 , , , ,四川 移动 手机充值 30元 快充直充 24小时自动充 快速到账, ,29.94
 ,98,2016-07-28,半亩花田富基专卖店, ,36.00, 
 , , , ,半亩花田天然海藻面膜500g 小颗粒补水保湿泰国纯海澡泥孕妇免洗, ,36.00
 , , , ,保险服务, ,0.00
 ,99,2016-07-26,USA商城, ,38.00, 
 , , , ,美国百年老牌Rosebud Salve玫瑰花蕾膏护润唇膏14.2g管装淡化唇色, ,38.00
 ,100,2016-07-24,美吉个人护理, ,14.90, 
 , , , ,舒适舒丝刀片头女用舒丝仕女除毛刀头替换装3刀头Schick正品特价, ,14.90
 ,101,2016-07-23,密斯特强, ,2.99, 
 , , , ,乐视会员一月会员/1个月30天低价可看超少年密码/送观影卷, ,2.99
 ,102,2016-07-20,征郑宠物用品专营店, ,9.00, 
 , , , ,包邮 (送饲养礼包) 仓鼠笼仓鼠笼子仓鼠别墅仓鼠用品双层别墅城, ,9.00
 , , , ,保险服务, ,0.00
 ,103,2016-07-18,陶陶全球购韩国站, ,16.00, 
 , , , ,韩国正品3w CLINIC DODO自动旋转双头眉笔防水不晕染易上色包邮, ,16.00
 ,104,2016-07-09,中国移动官方旗舰店, ,49.95, 
 , , , ,北京 移动手机话费充值50元 快充直充 24小时自动充 快速到帐, ,49.95
 ,105,2016-07-05,沐乃衣快时尚潮流女装, ,113.01, 
 , , , ,T6110-2016夏新款女装韩版显瘦背带木耳边圆领短袖针织T恤 0620, ,43.05
 , , , ,T6111-2016夏新款女装韩版宽松毛边水洗牛仔背带裤短裤自制 0623, ,69.95
8
 ,106,2016-07-03,盛世明威家具, ,103.35, 
 , , , ,电脑椅 家用办公椅 四脚椅网椅会议椅麻将椅职员椅棋牌室椅子包邮, ,103.35
 , , , ,保险服务, ,0.00
 ,107,2016-06-30,天猫超市华北站, ,96.50, 
 , , , ,【天猫超市】盛耳 有机黑米400g 东北有机新米杂粮五谷米面特产, ,7.90
 , , , ,【天猫超市】Panasonic/松下7号12节高能无汞碳性七号干电池AAA, ,7.90
 , , , ,【天猫超市】塞翁福薏米仁红豆组合800g小薏仁米五谷杂粮粗粮, ,19.90
 , , , ,【天猫超市】48小时5折茶花透明果皮刀 水果刮皮刀削皮器2220, ,3.20
 , , , ,【天猫超市】48小时5折EDO无盖纸篓 家用卫生桶垃圾桶5021随机色, ,4.45
 , , , ,【天猫超市】柴火大院有机小米 400g朝阳红谷粥五谷杂粮粗粮, ,8.90
 , , , ,【天猫超市】48小时5折GEEGO 圆形保鲜盒四件套PP食品塑料, ,4.95
 , , , ,【天猫超市】盖亚农场有机黄豆450g 东北杂粮 有机黄豆, ,15.90
 , , , ,【天猫超市】48小时5折 青苹果玻璃水壶水杯1壶4杯 果汁壶果汁杯, ,14.50
 ,108,2016-06-28,天猫超市华北站, ,98.90, 
 , , , ,【天猫超市】48小时5折苏泊尔ST20H3汤锅复底电磁炉通用不锈钢, ,83.00
 , , , ,【天猫超市】双枪/天然竹菜板案板刀板 ZB2808竹制环保水果砧板, ,15.90
 ,109,2016-06-23,haoduoyi旗舰店, ,52.00, 
 , , , ,Haoduoyi2016夏装新款 名族风性感V领花卉刺绣上衣 宽松五分袖T恤, ,52.00
 , , , ,保险服务, ,0.00
 ,110,2016-06-20,北京移动充值专营店, ,49.95, 
 , , , ,北京移动话费50元快充 自动充值 即时到帐, ,49.95
 ,111,2016-06-19,lrud旗舰店, ,79.00, 
 , , , ,LRUD2016夏季新款韩版小清新碎花吊带连衣裙女高腰修身A字裙短裙, ,79.00
 ,112,2016-06-19,etongenius旗舰店, ,124.00, 
 , , , ,【粉丝狂欢节】伊顿珍妮2016夏装新款英伦学院风少女学生高腰显瘦格纹连衣裙女, ,124.00
 , , , ,保险服务, ,0.00
 ,113,2016-06-15,智雨居家日用专营店, ,33.17, 
 , , , ,装被子的袋子牛津布搬家袋特大加厚防水行李袋搬家被子收纳整理袋, ,16.80
 ,114,2016-06-13,中国移动官方旗舰店, ,49.90, 
 , , , ,四川 移动 手机充值 50元 快充直充 24小时自动充 即时到账, ,49.90
 ,115,2016-06-07,cachecache旗舰店, ,136.12, 
 , , , ,聚 2016夏新款cachecache水彩画圆领短袖两件套短裤 3317002454, ,137.90
 , , , ,保险服务, ,0.00
 ,116,2016-06-05,调哥英文书法用品, ,140.60, 
 , , , ,Copperplate圆体英文练习册（MCC标准版）, ,2.40
 , , , ,Copperplate圆体英文练习册（竖版）, ,2.30
 , , , ,冲冠！Copperplate ES实惠套餐 包邮！, ,99.00
 , , , ,Mastering copperplate calligraphy圆体花体英文书法教材, ,34.00
 , , , ,保险服务, ,0.60
 ,117,2016-06-05,沁书园, ,11.80, 
 , , , ,成人学生行楷墨点字帖 荆霄鹏钢笔书法防近视字帖7天学会行书包邮, ,11.80
 ,118,2016-06-05,宗霖服饰旗舰店, ,40.00, 
 , , , ,5条装一片式无痕冰丝内裤女低腰三角裤提臀薄透气隐形内裤高弹力, ,39.50
 , , , ,保险服务, ,0.50
 ,119,2016-06-01,天猫超市华北站, ,117.22, 
 , , , ,【天猫超市】日本进口沐浴露资生堂可悠然美肌(恬静清香)550ml, ,42.90
 , , , ,【天猫超市】舒客舒克防蛀固齿牙膏140g*3 木糖醇 护齿 高钙健齿, ,13.15
 , , , ,【天猫超市】洽洽原味猪肉脯自然片50g  休闲零食小食 恰恰, ,0.01
 , , , ,【天猫超市】 百雀羚美白防晒露60gSPF20+水嫩倍现精华水25ml, ,24.00
 , , , ,【天猫超市】极是无硅油去屑洗发水护发素80ml*2清新 威露士出品, ,0.01
 ,120,2016-05-29,美人春旗舰店, ,10.00, 
 , , , ,美人春全棉抱枕芯/靠垫芯子/抱枕枕芯 40 45 50 靠枕 方枕芯定做, ,10.00
9
 ,121,2016-05-29,快衣点女装, ,62.00, 
 , , , ,春夏新款韩版可拆卸背带裤女高腰宽松破洞七分牛仔裤哈伦小脚裤潮, ,62.00
 ,122,2016-05-28,luckbain服饰旗舰店, ,41.65, 
 , , , ,运动裤女春秋薄款长裤小脚直筒大码宽松学生跑步全棉休闲裤女卫裤, ,39.00
 , , , ,保险服务, ,2.70
 ,123,2016-05-25,慕布卡旗舰店, ,22.00, 
 , , , ,慕布卡 纯色沙发全棉靠垫套 素色纯棉斜纹抱枕套 简约时尚 定制, ,16.00
 , , , ,保险服务, ,0.00
 ,124,2016-05-23,playboy骑士专卖店, ,199.00, 
 , , , ,花花公子2016夏网面运动鞋女跑步鞋透气韩版内增高女鞋休闲鞋女潮, ,199.00
 , , , ,保险服务, ,0.00
 ,125,2016-05-22,天猫超市华北站, ,113.81, 
 , , , ,【天猫超市】印尼进口 可比可卡布奇诺咖啡24包装 432g/盒 咖啡, ,35.90
 , , , ,【天猫超市】马来西亚进口南洋古早咖啡榛果味白咖啡40g/袋 3合1, ,3.90
 , , , ,【天猫超市】马来西亚进口 福多FUDO 24入提拉米苏蛋糕 432g 糕点, ,19.90
 , , , ,【天猫超市】心相印卷纸 特柔卫生卷筒纸巾 3层180g*10粒装热销款, ,27.90
 , , , ,【天猫超市】亿滋 闲趣轻柔夹心饼干雪融芝士口味160g 休闲零食, ,6.80
 , , , ,【天猫超市】百岁山 天然矿泉水 570ml*6瓶/组 新旧包装随机发货, ,12.90
 ,126,2016-05-18,SOSOHOME 素素家美衣, ,29.00, 
 , , , ,春装长袖宽松短款罩衫连帽薄款卫衣女高腰运动上衣T恤aa露脐短装, ,29.00
 , , , ,保险服务, ,0.00
 ,127,2016-05-15,格思图数码专营店, ,59.00, 
 , , , ,苹果Air11笔记本12电脑包Macbook内胆13保护套mac皮套13.3pro15寸, ,59.00
 ,128,2016-05-04,洛阳书社, ,33.40, 
 , , , ,满3件包邮 Redis实战 约西亚 人民邮电出版社, ,11.80
 , , , ,满3件包邮 Web全栈工程师的自我修养 余果, ,11.80
 , , , ,满3件包邮 图解HTTP  人民邮电出版社, ,9.80
 ,129,2016-04-07,龙杯食品旗舰店, ,9.90, 
 , , , ,龙杯太谷饼山西特产手工制作糕点点心食品50g*8小包装红枣味小吃, ,9.90
 ,130,2016-04-06,冬焱夏淼旗舰店, ,8.27, 
 , , , ,冬焱夏淼竹炭鞋垫防臭男女手工除臭吸汗脚臭减震运动鞋垫透气夏季, ,2.76
 ,131,2016-04-06,珈黎数码专营店, ,3.80, 
 , , , ,MATE 新款3D魔镜 VR虚拟现实眼镜 智能手机3D立体眼镜游戏头盔2代, ,3.80
 , , , ,保险服务, ,0.00
 ,132,2016-04-06,罗兰妮旗舰店, ,2.00, 
 , , , ,沙发垫四季布艺坐垫欧式时尚特价沙发巾套夏季沙发垫子飘窗垫坐垫, ,2.00
 , , , ,保险服务, ,0.00
 ,133,2016-03-30,爱之舟旗舰店, ,7.80, 
 , , , ,爱之舟护脖子U型枕护颈枕记忆枕午睡枕头U形枕旅行枕颈椎枕U枕, ,7.80
 ,134,2016-03-27,联合利华立顿旗舰店, ,9.90, 
 , , , ,【天猫新风尚】立顿柠檬冰爽茶10袋赠洗漱包, ,9.90
 , , , ,保险服务, ,0.00
 ,135,2016-03-26,康居家居旗舰店, ,9.72, 
 , , , ,康居 棉麻抱枕套 亚麻靠垫靠包 办公室腰枕日式沙发方枕汽车靠枕, ,9.90
10
 ,136,2016-03-24,环球会员, ,5.80, 
 , , , ,爱奇艺会员一个月/1月 爱奇异黄金会员PPS 奇艺VIP帐号 非1天一年, ,5.80
 ,137,2016-03-23,omlesa旗舰店, ,19.90, 
 , , , ,omlesa春季外穿长裤子薄款紧身大码高腰小脚铅笔裤九分裤, ,19.90
 , , , ,保险服务, ,0.00
 ,138,2016-03-17,爱丽丝的英文原版书屋, ,3.99, 
 , , , ,Sapiens - A Brief History of Humankind - Yuval Noah Harari, ,3.99
 ,139,2016-03-14,omlesa旗舰店, ,19.90, 
 , , , ,omlesa春季外穿长裤子薄款紧身大码高腰小脚铅笔裤九分裤, ,19.90
 , , , ,保险服务, ,0.00
 ,140,2016-03-14,omlesa旗舰店, ,18.95, 
 , , , ,omlesa春季外穿长裤子薄款紧身大码高腰小脚铅笔裤九分裤, ,19.90
 , , , ,保险服务, ,0.00
 ,141,2016-02-18,汉高乐泰胶水商城, ,17.82, 
 , , , ,3M胶水CA40H强力万能胶水 快干胶80倍502粘木头木材玻璃塑料金属, ,17.82
 ,142,2016-02-16,陶陶全球代购韩国站, ,84.25, 
 , , , ,爱丽小屋my brows tint持久染眉胶撕拉染眉膏纹眉液半永久纹眉胶, ,58.41
 , , , ,韩国3w眉笔 CLINIC DODO自动旋转双头眉笔防水不晕染易上色眉笔, ,15.84
 ,143,2016-02-04,中国电信官方旗舰店, ,98.90, 
 , , , ,中国电信官方旗舰店 四川手机充值100元电信话费直充快充电信充值, ,98.90
 ,144,2016-02-02,北京移动充值专营店, ,10.00, 
 , , , ,北京移动话费10元快充 自动充值 即时到帐, ,10.00
 ,145,2016-01-31,三只松鼠旗舰店, ,112.36, 
 , , , ,【三只松鼠_坚果大礼包1528g】零食干果年货礼盒8袋装 时尚红, ,113.00
 ,146,2016-01-22,馨怡包馆, ,49.70, 
 , , , ,我去上学了啦小哇钟汉良同款男女学生书包PU皮电脑包休闲旅行背包, ,49.00
 , , , ,保险服务, ,0.70
 ,147,2016-01-21,cachecache旗舰店, ,79.90, 
 , , , ,【新年价】SALE cachecache2015冬新款欧美粗线条高领针织衫 9523062468, ,79.90
 ,148,2016-01-18,康爱多大药房旗舰店, ,18.60, 
 , , , ,Henry/恒瑞 盐酸非索非那定片 60mg*12片/盒, ,18.60
 ,149,2016-01-10,中国移动官方旗舰店, ,49.90, 
 , , , ,四川 移动 手机充值 50元 快充直充 24小时自动充 即时到账, ,49.90
